﻿Designator,Footprint,Quantity,Value,LCSC Part #
BOOT1,SW_SPDT_PCM12,1,SW_SPDT,C221841
"C1, C4",0402,2,10 pF,C32949
C10,0402,1,10 nF,C15195
"C11, C13",0402,2,1 µF,C52923
"C12, C15, C17, C2, C23",0603,5,10 µF,C19702
"C14, C16, C18, C19, C20, C21, C22, C3, C5, C6, C7, C8",0402,12,100 nF,C1525
C9,0805,1,100 µF,C141660
"D1, D4, D5, D6",Nexperia_CFP3_SOD-123W,4,PMEG2010ER,C82288
D2,D_SMA,1,B140-E3,C968568
D3,D_SOD-323,1,1N4148WS,C2128
FB1,0603,1,120 R @ 100 MHz,C2661467
L1,L_Coilcraft_LPS3010,1,15 µH,C19276043
LED1,LED_Kingbright_APHBM2012_2x1.25mm,1,LED_Dual_AKKA,C6465979
LED2,LED_Kingbright_APHBM2012_2x1.25mm,1,LED_Dual_AKKA,C5553822
R1,0805,1,100 K,C3152215
R10,0603,1,10 K,C3152154
R11,0402,1,1500 R,C25867
"R12, R13",0402,2,5100 R,C25905
R2,Potentiometer_Bourns_3314G_Vertical,1,10 K,C780220
R3,0402,1,10 R,C25139
"R4, R5, R6, R7",0402,4,330 R,C12246
R8,0805,1,75 K, C17819
R9,0805,1,24 K,C1382
RC522,PinSocket_1x08_P2.54mm_Vertical,1,RFID RC522,C27438
RESET1,SW_PUSH_6mm,1,SW_Push,C2889001
RJ12,RJ12_Amphenol_54601-x06_Horizontal,1,6P6C,C4355015
SWD1,PinSocket_2x05_P1.27mm_Vertical,1,"2x5P, direct insert",C350287
U1,SOIC-8_3.9x4.9mm_P1.27mm,1,LM386M-1,C5375298
U2,LQFP-48_7x7mm_P0.5mm,1,STM32F103C8T6,C8734
U3,SOT-23-6,1,MCP16301Hx-xCH,C511272
U4,SOIC-16_3.9x9.9mm_P1.27mm,1,TP3232N-SR,C81661
USB-C1,USB_C_Receptacle_GCT_USB4110,1,USB_C_Receptacle_USB2.0_14P,C5143397
Y1,Crystal_SMD_3225-4Pin_3.2x2.5mm,1,16MHz,C5310731
